date,Static EW FF5,Method A,Method B,Method C,Ensemble
1990-01-31,0.004520000000000001,-0.0009594464238376801,0.00013637898859179655,-0.00014829325472062675,-0.00023717823574539754
1990-02-28,0.0031400000000000013,0.010982094622114169,-6.809258457242261e-05,-0.0039166942644114746,0.002344517608284763
1990-03-31,-0.011,0.0035234875851677372,-0.0012776721314827837,-0.00028447730920916066,0.0009088017068990057
1990-04-30,0.004379999999999997,0.01396446109202143,0.001206374186858884,0.0019733306802119767,0.00553198642630668
1990-05-31,-0.006319999999999999,0.0002298171139240063,-0.0010622150098695724,-0.0014073408756100254,-0.0005176225279983956
1990-06-30,-0.004000000000000002,-0.009909616842679726,-0.00025812239745564533,-0.0014210564746572776,-0.0038092751558711268
1990-07-31,-0.019699999999999995,-0.01849079706340519,-0.0024517377007597764,0.013043330602348083,-0.002187045070420719
1990-08-31,-0.011179999999999999,0.0031994672417613003,-0.0014892261305063132,-0.009307568287729839,-0.0021840537693153623
1990-09-30,-0.007940000000000001,-0.0027721137810899276,-0.003717237677876227,-0.010014913393761635,-0.004874229616753549
1990-10-31,-0.0014600000000000001,-0.006793844749512179,2.386056249963457e-05,0.013334547574830722,0.0022247040574533586
1990-11-30,0.00438,-0.0017283287777553175,0.00241457436584895,0.002144390636188545,0.0005770857085599474
1990-12-31,0.0087,-0.004367666609354064,0.005636832151650975,0.008094504006657871,0.0021918186747910146
1991-01-31,0.020419999999999997,0.01569940793074797,0.009311675694321234,0.009075982209418344,0.009822690116510473
1991-02-28,0.007340000000000001,0.006065757693876759,0.005450014947131541,0.0037186349290807288,0.004204757645149512
1991-03-31,0.00606,0.002269689714506809,0.00037422384779016904,0.0010503855533167828,0.0011981737950556752
1991-04-30,0.005979999999999998,0.005085963722744917,0.0002685281921266017,-0.007897909465214115,-0.0008655115208376415
1991-05-31,-0.0022600000000000007,-0.0014641172678164804,0.0005059599090143408,-0.0028997610280734097,-0.0013501355792591343
1991-06-30,0.004200000000000001,0.0013907342402817097,0.002688689784564194,0.0012612422768171184,0.001372677787742972
1991-07-31,0.006959999999999998,-0.00021545537558174867,0.0018200978091674285,0.00417272019805172,0.0016267886705135283
1991-08-31,-0.0061,-0.005992931640816412,-0.0009271848686467757,-0.0023884551621473483,-0.0028995211969452773
1991-09-30,-0.00047999999999999936,0.0004124500864243508,-0.0007783662765808569,-0.0028714315482613055,-0.0009016869643632605
1991-10-31,-0.01174,-0.005883272189429999,0.0004133642077585845,-0.005050598670552512,-0.003556394825796514
1991-11-30,0.009499999999999996,0.01668528513597339,-0.001621009288813205,0.007553255316571821,0.007845117128938381
1991-12-31,0.030699999999999995,-0.0090744630064922,-0.00018306531985022258,-0.00998297823151521,-0.006331464372098275
1992-01-31,0.022439999999999998,0.014169331629461051,0.0009449133071223149,0.013492932801735035,0.00941355810165043
1992-02-29,0.0033999999999999994,0.005641950363952998,0.00406175672473943,0.009585285930909184,0.005763678881805164
1992-03-31,0.0075,0.014019700528713949,0.0030238227376309054,0.003242124277799965,0.00627644452360393
1992-04-30,0.0023799999999999997,0.002669135320148286,0.001457075024304181,0.0035585915120232583,0.0023396232547716134
1992-05-31,-0.0019199999999999992,0.0016973308520659813,0.0017685917594250414,0.004650502956640048,0.0024136638896879075
1992-06-30,0.00578,0.0020394614110726813,-0.0017414634163307613,-0.0034127332683673585,-0.000741155683004374
1992-07-31,-0.0036799999999999984,0.0005029434043841112,-0.001262584576504236,-0.005464656427615149,-0.001820769128819164
1992-08-31,0.004799999999999999,0.0002715287941148155,0.00018404275041313756,-0.0007094918544749031,-6.755542370669347e-05
1992-09-30,0.0028199999999999996,-0.0007398313012939564,0.0005528387510398572,-0.00560643708268099,-0.001960752019106284
1992-10-31,0.008759999999999997,0.01011183896922793,-0.0013796357641180624,-0.004109808789220498,0.001790189417554311
1992-11-30,0.012260000000000002,0.0009485025135979764,0.0004888525685858234,-0.0012842902151675023,-2.480390355588786e-05
1992-12-31,0.01962,-0.0039027749050567053,0.0011885977246416358,-0.001296572923972447,-0.0015307288324823251
1993-01-31,0.013820000000000002,0.009297046437555037,0.006982520317998618,0.006983664013403926,0.0066019206457766984
1993-02-28,0.008539999999999999,0.006818603041084949,0.0009308797403510978,-0.0019500722277377264,0.0017826236848132297
1993-03-31,-0.007240000000000001,-0.0026126056325743055,0.004028962084599201,0.004039014899165719,0.0011535108143553455
1993-04-30,0.0004000000000000007,-0.006273891960484122,-0.0034585380778565655,-0.0037165363200951434,-0.003850262853895145
1993-05-31,0.006619999999999999,0.005998041626146937,0.00391202318478684,0.0008445682848986561,0.0029624689812216337
1993-06-30,0.0073999999999999995,0.006188817023285624,0.0037260401013681768,0.00625630070391806,0.004790932130724349
1993-07-31,0.005000000000000003,0.005990679746167589,-0.0008378760261850239,-0.006450095501164574,-0.00026661949636821606
1993-08-31,0.00544,-0.003925234899962369,-0.0008919107886660183,-0.0023800394730676766,-0.002226180609080209
1993-09-30,0.003320000000000001,0.004058995662160678,-0.0016572283521822766,0.0005001724029624149,0.0012571615107043722
1993-10-31,-0.005580000000000002,-0.0044876155981388305,-5.011877970722209e-05,0.003180230303622912,-0.00043915644162129065
1993-11-30,0.00808,0.0022322457736600196,-0.000540599478336072,-0.002826675378317569,-0.00028497200060659906
1993-12-31,0.00754,-0.0004942826499593581,-0.0005202431030641397,-0.0005189067362519149,-0.0003789841441779296
1994-01-31,-0.0006199999999999993,-0.0012333858679515804,0.0012548276508632492,0.0034858997391543378,0.0010399987618234725
1994-02-28,-0.004220000000000001,-0.008893068574340298,0.002360055826016075,-0.009291815474010177,-0.005622801204724979
1994-03-31,0.0070599999999999994,-0.0021258890708027176,0.0006677154806720753,0.0013872115009034313,-0.00010843466346692398
1994-04-30,-0.00014000000000000037,0.0025232638590208774,0.00042638961812233457,-0.0005819023175098763,0.0007330762560360511
1994-05-31,0.00152,-0.005690081454760991,0.000536230926516121,-0.0026483946436232702,-0.0026747621215933845
1994-06-30,0.0019999999999999996,0.0030708883298679714,-2.4034742634557372e-05,0.003054126651537057,0.002048153675604796
1994-07-31,0.004739999999999999,0.008562869960776202,0.0009509389413797642,0.0047728749235446555,0.00461395570321489
1994-08-31,0.00048000000000000023,-0.004823186899041764,-0.0003111690605787168,0.0034422632556950065,-0.0005009933514001959
1994-09-30,-0.0061600000000000005,0.005640179925688233,-0.0009225043384652288,-0.004725288502783283,0.00015894193691151835
1994-10-31,-0.00944,-0.001907580825667159,-0.0009606524201521995,-0.0011362118210535544,-0.0011637210265457542
1994-11-30,0.00296,0.0005374808654865916,0.0004395247373577692,-0.0001487699083269506,0.0002327026531522605
1994-12-31,0.0016400000000000004,0.0035665405934709434,-0.00023003142521493356,-0.001491644634799927,0.0006615202662066298
1995-01-31,0.008679999999999998,0.0061926209461453,0.0012533020300936424,-3.920757694442613e-05,0.0022812698165085065
1995-02-28,-0.0007399999999999999,0.005524880296809037,0.00023666856478211945,-6.225892007255467e-05,0.0018663614768474005
1995-03-31,0.009539999999999998,1.1736586935710836e-05,0.0011244316559948363,-0.0038961007312142268,-0.0011036354234879
1995-04-30,0.00686,0.005294291839608588,0.0009383524536717138,-0.0062363432586138206,-0.0001531887358537345
1995-05-31,0.0012200000000000002,0.003929993502705296,-0.002142889085674257,0.003599706572299274,0.0021601974469451194
1995-06-30,0.00578,0.0065653818033036505,-0.0014296003581398796,-0.0012892036662498219,0.0015276732352232755
1995-07-31,0.0105,-0.006567449193443477,0.0025375965652996357,0.005179164438342658,-2.6913445102992768e-05
1995-08-31,0.005559999999999999,0.005161665312737418,-5.83843902655145e-05,-0.0006933649271073542,0.0015081974114747442
1995-09-30,-0.008480000000000001,0.004613557052083053,0.00011021053274537047,0.0010103388901892775,0.0019059667072206664
1995-10-31,0.0076999999999999985,0.000789923994338921,0.0001674201525142435,-0.004204183671501804,-0.0011061901926740485
1995-11-30,0.00702,-0.0065755256457659785,0.00043164237835677,0.00237981035174857,-0.0013163094959239968
1995-12-31,0.00528,0.005536407616594052,0.0005205927904370262,-0.0012509553397805255,0.001569086014819579
1996-01-31,0.0006399999999999996,-0.0004136945118494311,-0.0017566211395301187,-0.004384831554813886,-0.001867113056786065
1996-02-29,0.0064199999999999995,0.00012820893382728838,7.610920944434068e-05,-0.0006632406716306367,-0.0001534756783495638
1996-03-31,0.001100000000000001,0.0040254859346338726,0.0021231669203502102,-0.003635009349548679,0.0005017193004160639
1996-04-30,0.008780000000000001,0.009603671161941796,0.00085379170896306,0.0008449890359748088,0.0036386887523141786
1996-05-31,0.004460000000000002,-0.005727484167251186,0.000457988170004059,-0.004462993314495287,-0.0032806276633404055
1996-06-30,0.00206,-0.018244177120516743,0.004688015017232367,-0.0022901425354073792,-0.006051060576062537
1996-07-31,0.0033599999999999997,-0.00031393551009355723,-0.0013072126469294947,-0.004429354651161496,-0.0017688179000988717
1996-08-31,5.9999999999999636e-05,-0.005059520389376941,-0.0006900880609908061,-0.008370346875660462,-0.004563675099103786
1996-09-30,0.012619999999999998,0.006392852488803294,0.0033019084409707357,0.004541690011714251,0.00423384049174345
1996-10-31,0.010400000000000001,0.00538876190204445,0.0011648849385267758,-0.007978190376488937,-0.000646907261926354
1996-11-30,0.008979999999999998,0.007202063045066978,0.0001828461794721267,0.0008898580473432758,0.0027763839201937137
1996-12-31,0.0057199999999999985,0.0008008625825844174,0.001624354293976025,-0.005983531390202261,-0.001454942908478853
1997-01-31,0.01356,0.000623465269781024,0.004275269225195969,0.0055267880139185325,0.0027703964584053237
1997-02-28,-0.00023999999999999854,0.0027278268089358975,0.000408219241745479,-0.001532527494670334,0.0005142710302420703
1997-03-31,0.0013599999999999988,0.005854547047071286,0.0022320269872651336,0.0035590082003126395,0.003520394829183248
1997-04-30,0.0069999999999999975,0.0027577722828522207,0.0017284424299797124,-0.007290574491251718,-0.0011829609562430238
1997-05-31,0.015439999999999999,0.00683464846547754,0.0034884408117804118,0.0022398120831116954,0.0036499367889336145
1997-06-30,0.00464,-0.003191235150324351,-0.0019795262712810633,-0.008639696779257827,-0.004224159789522478
1997-07-31,0.006699999999999999,0.008649127778222066,0.0010271123470198106,-0.004738041517708598,0.0015177206809564422
1997-08-31,0.011099999999999999,-0.0009632777240767982,0.0037328380042013372,-0.002836195494814898,-0.0005838108242450709
1997-09-30,0.001439999999999999,0.00043142652512449364,0.0019705032899468727,0.011646307926835344,0.004402933471022187
1997-10-31,0.008020000000000001,-0.0034694782773561405,-0.0003648160697838935,-0.0002567300820076907,-0.0012557828884801495
1997-11-30,0.011200000000000002,-0.0038509045060162368,-0.0010586311813598724,0.006735894638368012,0.0008373268945299041
1997-12-31,-0.00506,-0.003162637223269542,0.000758186866632238,0.0006891642373925911,-0.0006266582231827775
1998-01-31,0.00642,0.006572489781809213,-0.0003849697345706307,0.0018319778178346527,0.0028103194476640767
1998-02-28,0.00926,0.0018157568670507153,0.0014693889127108076,0.0010489483804179717,0.0012153832524197752
1998-03-31,-0.0005199999999999998,-0.003187769934050352,0.00019021080825325833,-0.0005128461382546128,-0.0011832234043152776
1998-04-30,0.0017200000000000006,-0.002031049448473988,0.0019481005634605915,0.0025967127602971375,0.0005681123130694434
1998-05-31,-0.01144,0.0024557579732451843,-0.0017918571529863668,0.0035112820598386515,0.0017276025652756774
1998-06-30,-0.014100000000000001,0.005156548351406278,-0.0006138692183815676,-0.00044793242811806157,0.0015076932877194453
1998-07-31,-0.016639999999999995,-0.012400651043260045,-0.010106990110381662,0.003870255072577623,-0.00448638390059241
1998-08-31,-0.005779999999999999,-0.023259740679798142,0.0034899050142840763,0.010207672667738246,-0.0036659565835824304
1998-09-30,0.004700000000000001,-0.017946491057879176,0.005493402597002389,0.009424355378335547,-0.0018868121305448704
1998-10-31,0.0034999999999999988,-0.01304665024060303,0.004154595645333862,0.00599612408900535,-0.001618138889146969
1998-11-30,-0.007099999999999998,-0.016610217522441944,0.003229817615874116,0.013963325205860355,-0.0003089340376814337
1998-12-31,-0.022039999999999997,-0.024231755492269923,-0.0026343424377298645,0.019607922039425137,-0.0019615322098550923
1999-01-31,-0.008860000000000002,0.010667017183651973,-0.00700872084251538,-0.007897292963215525,-0.00022556993792126906
1999-02-28,-0.017240000000000002,-0.007952255405103352,-0.00027955121011736335,-0.0027654707683450203,-0.0036041841648256877
1999-03-31,0.019260000000000003,0.018965626350646504,0.0005718296330374916,-0.009208542792579443,0.0034058789523139107
1999-04-30,0.01582,0.010028147098187765,0.0031878301954261514,-0.0033071787987907766,0.0027793731452333994
1999-05-31,0.0038199999999999996,-0.0029735303797293693,-0.0034255265667591213,0.0014052839014521655,-0.0010843738704490043
1999-06-30,0.00486,0.007237243570438511,7.710612017418419e-05,-0.0037926550905251393,0.0011694803947670774
1999-07-31,-0.008979999999999998,-0.002772707555485783,-0.002063488931375277,-0.0037359199289856504,-0.0024753537614863883
1999-08-31,-0.01028,6.855819061559535e-05,-0.0020659747217595848,-0.004176224548460371,-0.0016922176353476558
1999-09-30,-0.013080000000000003,-0.006104179539093072,0.0008496925543142995,0.002841310285961372,-0.0009286334086633808
1999-10-31,-0.0051400000000000005,0.01654089130321148,0.00021397772826524923,-0.016123767865230405,0.0002052404047063248
1999-11-30,-0.017540000000000004,0.01420591612899839,-0.0005997222360849909,0.010642603690910241,0.008246999223711544
1999-12-31,-0.006480000000000004,0.026566169305019965,0.009169386777408417,0.014489516562992216,0.015235543082799244
2000-01-31,-0.01788,0.05753796233998446,0.049054330715516105,0.010391345679227813,0.031294635577925736
2000-02-29,0.01724000000000001,-0.03472327803364911,-0.03463234761562704,-0.028075201534119527,-0.02666798242852512
2000-03-31,0.018099999999999998,-0.010525594156772861,0.014290414452240257,-0.007784610612220397,-0.0030873355733344677
2000-04-30,0.003720000000000001,-0.0005925418057850011,0.014544265084053681,-0.011744201359205465,-0.0016361753447548658
2000-05-31,-0.00978,0.009210085698887151,-0.026356635565265508,0.001388299264488638,-0.0012365502506848133
2000-06-30,0.026680000000000002,0.008469063615913836,0.01678489843572119,0.006493312094623875,0.008071348319279437
2000-07-31,0.00572,0.00640497041499236,-0.008699764317615492,-0.00017620789695387438,-0.00029298855657530884
2000-08-31,0.02062,0.014870236824203704,0.022996457444654405,-0.005567357352544517,0.006927493973358209
2000-09-30,0.02694,0.0024898281555589346,0.003812678535495842,-0.013998137648664569,-0.003152392187834435
2000-10-31,0.045180000000000005,0.017727206956965273,0.0458623261596421,-0.008269034793819813,0.01080747879280258
2000-11-30,0.03746,0.015097171778399213,0.00839206438194951,0.0037035319965928867,0.007700523468543985
2000-12-31,-0.013959999999999997,-0.012396941625007192,-0.016328708283712377,-0.004862318671027975,-0.009053226197119551
2001-01-31,0.0464,0.05776938736837507,0.04284058858450986,0.00307747712176668,0.027464912496510886
2001-02-28,0.017220000000000003,0.044047693298494374,0.0141307367362134,-0.006969549478323576,0.014733315831036537
2001-03-31,-0.0079,-0.03826421665255787,-0.016681433365774306,0.018126837246495213,-0.009474415877727297
2001-04-30,0.019700000000000002,0.012382971577044766,0.008454064990057682,0.0010482404423314338,0.005900590683143581
2001-05-31,0.006780000000000001,0.009389466247245837,-0.006689463303931537,-0.0021828337021762836,0.0013610091373342074
2001-06-30,0.020300000000000002,0.018466855969545785,0.013286425250025973,0.010151551182622101,0.011796708372836886
2001-07-31,0.01868,0.027846961113241163,0.010487692681833355,0.013471062798235376,0.015546399374623387
2001-08-31,-0.010159999999999997,0.019860102079888087,-0.0011828015703571476,0.014417047420453999,0.011272724389575767
2001-09-30,-0.01366,-0.01903134643655844,-0.007017784226158194,0.006186446068310887,-0.005411936219784407
2001-10-31,0.00834,-0.015534931003700412,0.002292128553619227,0.00012297077764177435,-0.004744236861423201
2001-11-30,0.015060000000000004,0.006250406199077682,0.002444093303534496,-0.004744564299345177,0.000922901204381366
2001-12-31,0.02164,0.020061663433757402,0.004910488657677679,9.311811303982977e-05,0.007559641036522258
2002-01-31,0.025619999999999997,0.02693863307481441,0.009467625401882717,0.020752037670893887,0.017496693493273992
2002-02-28,0.0166,-0.00011712872716852923,0.0012164618481332276,0.001738714538083953,0.0007498459857244739
2002-03-31,0.030739999999999996,0.03191325448870961,0.007875594916906236,0.011509185207924025,0.015821289011534137
2002-04-30,0.0038599999999999997,0.00657421065249347,0.002108662061535286,-0.002344545900466379,0.0018167295272581974
2002-05-31,0.006959999999999999,0.02226074992027128,0.003741913189244269,0.008094899758994821,0.010787832742335288
2002-06-30,-0.030580000000000003,0.006827145538098508,-0.0001672579944403771,0.006713374166839067,0.004530583178622121
2002-07-31,0.004399999999999999,-0.001819346103226428,0.0006093539585130335,-0.0028081838464018975,-0.0014090550867191108
2002-08-31,-0.01006,0.024526986018265168,-0.009169204881214822,-0.004748515244594189,0.005073942692795292
2002-09-30,-0.00528,-0.028262751082961224,0.0012167658093595634,0.01059937646610459,-0.005637670167278621
2002-10-31,0.007299999999999999,-0.02032944419756427,0.006598352350051961,-0.003719649997960406,-0.00689365269115458
2002-11-30,0.0028600000000000014,0.019885321738311305,0.0016330826250238752,-0.015174253201334245,0.0018549721984037885
2002-12-31,-0.0057799999999999995,0.005082937247254909,0.0003960185078827276,-0.0008427251245790978,0.001504816039760377
2003-01-31,-0.007999999999999998,0.0047086828506447,-0.0016304174983825272,-0.0012707121367697045,0.0009303117638854383
2003-02-28,0.0012399999999999998,0.0037095756605309066,0.0006020297512391434,-0.0021304984489363228,0.0006602716010751627
2003-03-31,0.013680000000000001,-0.01735471371275683,-0.0034341636956845834,-0.0074898039574294376,-0.00882782967482369
2003-04-30,0.01532,-0.02910663240174215,-0.00517522726229642,-0.01358078756252012,-0.0150634813322986
2003-05-31,0.006500000000000001,0.0010737907815291689,-0.0007247122531223916,-0.00012388670930414534,0.00021078126000457082
2003-06-30,0.005659999999999998,-0.0014827849395440665,-0.005970455209469767,0.0028881829203092095,-0.0004968802691665103
2003-07-31,0.012399999999999998,-0.004369938647357753,-0.000507267215265536,-0.00546528543758734,-0.0032963499621952185
2003-08-31,0.0015600000000000002,0.001754561021648519,0.0015285026203710535,0.001873384463234497,0.001490631491127678
2003-09-30,0.022379999999999997,-0.0007967733982488275,-0.0024605165377623085,-0.005258398014555495,-0.0024115749956234796
2003-10-31,0.01454,-0.00033030123381491835,0.000750386729147428,-0.0023215493697255293,-0.0007352651504546853
2003-11-30,0.009420000000000001,-0.001802395370353432,-2.145689742402614e-06,-0.006672663033121797,-0.0027973322335846417
2003-12-31,0.013519999999999999,-0.0034021968593018147,-0.0011197935519449676,-0.0004610000918971556,-0.0014549770961985759
2004-01-31,0.00478,-0.0009740470180376083,0.0006053068855404365,0.000690548750489227,7.643920810065005e-05
2004-02-29,0.0033799999999999998,-0.0023762815543093723,0.00018100155831412215,0.0007228698349953631,-0.0004724056910958916
2004-03-31,-0.01296,-0.000267687223403637,-0.0005032051122207952,-0.0020587861258625764,-0.0008196414226099988
2004-04-30,-0.0011199999999999997,0.0031179130124854276,-0.0004733664902855553,-0.00041732071594339723,0.0008896256952294459
2004-05-31,0.0128,-0.002590465417364663,0.0014305859535224579,0.002257964604516269,0.00014030733879443234
2004-06-30,-0.0004199999999999988,-0.01800620451269339,0.002829055971090487,0.0012188398732695832,-0.005086389752243813
2004-07-31,-0.00032000000000000013,0.0023716848906123003,0.0002269561060834066,-0.0013852923523207344,0.0003716159789877914
2004-08-31,0.003119999999999999,0.001642567744094067,0.0004939740465733393,-0.0013701683060470169,0.00018838325030773057
2004-09-30,0.0023799999999999993,0.0023077921735348934,-8.368346676399768e-05,-0.0005501763756645785,0.0005949212458646125
2004-10-31,0.01904,0.0034452310632505207,0.001085367163022294,0.007643924768415779,0.003926738239991213
2004-11-30,0.004919999999999999,0.006710101347606122,-0.00017023383667718757,-0.0009593257561678907,0.0019465437018080134
2004-12-31,-0.000820000000000001,-0.011381836684450971,0.0010619507638939775,0.0025890544695012343,-0.0027211261118757534
2005-01-31,0.0082,-0.00159348361986352,0.000454853000604215,0.0014658998664347264,4.020795839621766e-05
2005-02-28,0.0010200000000000005,-0.00858287040916972,-0.00117741472418123,-9.762221569593549e-05,-0.0030803539584886145
2005-03-31,-0.0128,0.0006366413066444535,-0.001005918274809702,-0.000230379904403899,-1.085941808268119e-05
2005-04-30,0.010179999999999998,0.005588344792441526,0.0011857062075427876,0.00032680763566948057,0.0021971806006554086
2005-05-31,0.013979999999999998,-0.004370071673184423,0.0004884351601048735,0.0003181113711274807,-0.0012690517711362328
2005-06-30,0.007859999999999999,0.01392183056860928,-0.00026575694438422546,0.002199964230503666,0.005350122503338732
2005-07-31,-0.0047599999999999995,-0.0021583261514490975,-0.00043546197012458624,-0.002559905858414112,-0.0016427057342798825
2005-08-31,0.0012000000000000001,-7.948024724828313e-05,5.0956736144115397e-05,-0.00011280955935161736,-4.9583933335817706e-05
2005-09-30,-0.01014,9.10835249776594e-05,-0.0005699527208733861,-0.002578550340609183,-0.0009233089401926183
2005-10-31,0.0028799999999999997,0.010052338669667971,0.0005111793603775434,0.003608293306172484,0.004654625417244497
2005-11-30,8.000000000000003e-05,-0.001041055729840387,-4.1877339846527336e-05,-0.0004844309906598874,-0.0005081903747752298
2005-12-31,0.01768,-0.003827721938126104,0.0008492367446807346,0.007000796242420872,0.0012118022553210723
2006-01-31,0.0007399999999999997,-0.0029465044348619537,-0.0002927256150024606,-0.0013522615802655084,-0.0014808887869578792
2006-02-28,0.01002,0.0012958141735550223,0.0010240364886586492,-0.001096015983760096,0.00024078323360359854
2006-03-31,0.007619999999999999,-0.005987126738007586,-5.712525141950932e-05,6.726430598100038e-05,-0.0019666876162712783
2006-04-30,-0.0033599999999999975,-0.012864858329456202,0.00011975009654463062,-0.0007325305191461779,-0.0044994754938346825
2006-05-31,0.0029200000000000003,-0.003919618554127929,7.662314103013473e-06,-0.0002824884417062807,-0.0013774909240622242
2006-06-30,0.0014399999999999992,-0.006197741375362208,-7.546035789386332e-05,0.0018630020805108216,-0.001436778296555453
2006-07-31,0.00172,0.005150125354986658,-0.00013658370834243488,0.00012568436037627763,0.001750974753045783
2006-08-31,0.0035000000000000005,0.002289581352433882,0.0005939123813233437,-0.00029297788807110866,0.0007864578671606309
2006-09-30,0.01016,0.003138327368692033,-0.0010711331606372805,0.00199784199192909,0.0015592137747339667
2006-10-31,0.00354,0.0030569494899909725,7.986890096084077e-05,0.0009515333020646774,0.0013554658060784884
2006-11-30,0.00802,-0.004125566456764948,0.0009497044853271937,-0.0017186378211448265,-0.001781309791052003
2006-12-31,0.00262,0.0022894940344609653,-0.00018934160265119565,0.0005202856552692932,0.000926403799913176
2007-01-31,-0.00378,-0.0037556611833535957,-0.0005516212794678852,-0.0004120894774851196,-0.0014583586885362604
2007-02-28,-0.0002999999999999999,0.0028004449176035986,-3.6463882094201874e-05,0.0009036768487667263,0.0012424834390422392
2007-03-31,0.00432,0.008604823777399963,0.00039022478721305684,-0.0059790288787058676,0.0009478749392485047
2007-04-30,0.006380000000000001,0.006100526932422369,0.00037827806915756825,0.006769114131829531,0.004360979121505238
2007-05-31,-0.00352,-0.0041498004294931844,-0.00024223998167565076,-0.0017105365357291437,-0.0019885227686604005
2007-06-30,-0.0227,0.0058723171265215295,-0.0007507981217688761,0.008721953413429386,0.004748615240763356
2007-07-31,-0.006200000000000001,0.007242972581993842,0.00023664086474275834,0.0022362380803797955,0.0032158448931831956
2007-08-31,-0.00964,0.018249650721895112,0.0018332298420240054,0.0044746828451110885,0.007889657306221601
2007-09-30,-0.0027600000000000007,0.007251797782968817,0.0006241928183320278,-0.003496730486756769,0.0013617078331059375
2007-10-31,-0.01482,-0.006573006999248031,-0.002679483083480555,0.000780411211246751,-0.0023747620465763616
2007-11-30,-0.0027400000000000002,-0.0007405908711900326,-0.00012239356050930804,-0.001596507484857503,-0.0007878319310374246
2007-12-31,0.002459999999999999,-0.022497783698149983,-0.004161395969788901,-0.0011951362492907173,-0.008579127392184426
2008-01-31,-0.0087,0.005101501058032991,-0.001541526592429361,-0.0013463402961324633,0.0010497917201427252
2008-02-29,0.00264,-0.002587276428572723,0.0001461180228450189,-0.0017546038918508945,-0.001417010622879879
2008-03-31,0.0034800000000000018,-0.0008537562758301309,0.0004166588744521393,0.005970228869350218,0.0017997031075928573
2008-04-30,0.00894,-0.007294251796309619,0.0010910252617896067,0.00390985630520052,-0.0009365883324246127
2008-05-31,-0.010979999999999998,0.00014634534054017677,-0.003791137932591672,-0.0030314417301131854,-0.0015356209864629948
2008-06-30,0.01558,-0.0124367437584235,0.0017402794224622928,0.00559324383249698,-0.0019368159859795304
2008-07-31,0.017639999999999996,-0.0023231836559429583,0.002866636321176871,0.00047135293096491786,-7.995812238193187e-05
2008-08-31,0.0015800000000000009,0.0120617125551546,0.00559201140570532,0.01652185151254173,0.010533147439200875
2008-09-30,-0.03608,0.022380463617327907,-0.0033584632049891263,0.025049909479854394,0.015283563239583395
2008-10-31,-0.02178,-0.007218807680272485,-0.007486466296758716,0.0014714537425637806,-0.0031550342513796694
2008-11-30,0.007320000000000002,0.0015054527301952756,0.0007386332751942823,-0.0028456239590338183,-0.0002945371805285174
2008-12-31,-0.044719999999999996,-0.004717064534248731,-0.007513257345003856,-0.008187281813862952,-0.005540010240753339
2009-01-31,-0.03504,0.006874934788811951,-0.007205669790851886,-0.004856548121666106,-0.0004996255964483322
2009-02-28,0.016999999999999998,-0.0031647823231005616,0.00025060657394271254,0.00025278306198088675,-0.0009151002542347452
2009-03-31,0.04906,-0.02329572971589983,0.008990605820291458,-0.011654637638987508,-0.010135196719774222
2009-04-30,0.0011399999999999993,-0.008348550862707502,-0.003693701343016116,0.004241757483117987,-0.0019657707029813814
2009-05-31,-0.0036999999999999997,0.0008934815970915784,-0.0040540725798323815,0.002399998263510202,0.000447119905025024
2009-06-30,0.035519999999999996,-0.007772953787687359,0.00957305623843541,0.0009470320531934252,-0.0006691259141424892
2009-07-31,0.022560000000000004,0.010114388408476626,0.00664682135611952,0.011621263452015668,0.008376196728345855
2009-08-31,0.01888,-0.007143800561592345,0.0008055453758083989,-0.0019432479076144996,-0.0028862142419527107
2009-09-30,-0.017660000000000002,-0.009788159572330393,-0.0022305404211370576,-0.006761406500059871,-0.005876936252230491
2009-10-31,0.00678,-0.0132815997959926,-0.0018640258360207967,-0.0062669973067217485,-0.006822434186381121
2009-11-30,0.018779999999999998,-0.0015164420443579923,0.0008912792024278005,0.0022880861992497148,0.0004380649322623582
2009-12-31,-0.006380000000000001,0.006824745832634596,0.0003734570656193426,0.0019876637766793855,0.0030567909045726214
2010-01-31,0.01838,-0.002918146205898132,0.003322933955731374,0.0005015857849845599,-0.00018949699972119744
2010-02-28,0.0229,0.002160655990975716,0.003015397628877174,0.001551245069306367,0.0017694986920494698
2010-03-31,0.02456,-0.0004443553310608781,0.0024657900094095303,-0.002080888989268699,-0.0004297877132754363
2010-04-30,-0.018480000000000003,-0.007630309641367877,2.414539256090385e-05,0.00030259249639207926,-0.0024194902883127875
2010-05-31,-0.028800000000000003,0.008892375046497251,-0.00217998761041112,0.008289034742713105,0.005380048902835677
2010-06-30,0.0173,-0.017018188265620862,0.004625354689408004,0.009740507962779092,-0.0016279447877662729
2010-07-31,-0.021119999999999996,0.008851395561582296,-0.0058849031683791495,-0.008862305019806931,-0.0009627320088727647
2010-08-31,0.02074,-0.01842888955423331,0.003927082046852432,0.012694299085584993,-0.0012504979768034757
2010-09-30,0.00608,-0.009252964468061311,0.003956407016913337,0.006206510280577856,-0.00032203651107701707
2010-10-31,0.01068,-0.002437165804617325,0.0022634252196644775,0.004547467420760674,0.0011167862920949678
2010-11-30,0.022199999999999998,-0.007835950211154592,0.002977626228242888,0.006645663024481145,0.00010790322474763248
2010-12-31,0.0009,-0.004988970838980307,-0.0003898003380438884,-0.0007110483562809326,-0.0019649731214277286
2011-01-31,0.01064,-0.0034875187640478816,-0.00018185201315457712,0.0014124569817650467,-0.0006865923288396795
2011-02-28,0.00568,0.0003077332139199256,-0.00038495401492423645,-0.004887560663095208,-0.0015685476892474217
2011-03-31,0.00038000000000000045,-0.00021944996498137712,-0.0018474513576029797,0.0001111233880854841,-0.0003339072185296546
2011-04-30,-0.0067,0.0014199919086200785,-0.0005452737947083318,-0.0009241523999642705,9.610853090643743e-05
2011-05-31,-0.002059999999999999,-0.0019945579652310653,0.00019176379164912452,0.0015094774864400618,-0.00012023600891675097
2011-06-30,-0.006840000000000001,-0.0004050839908410479,-0.00036437431663123305,-0.0012525851652877785,-0.0006076184467246738
2011-07-31,-0.01666,0.0005845633463030566,-0.0012002763435535082,0.0004680285393131631,0.00015830750609677273
2011-08-31,-0.020900000000000002,0.01619752437440538,-0.003943679625309385,0.005423415724892645,0.006578206930047663
2011-09-30,0.02334,-0.02097801446358325,0.008003023150318941,0.015030479520497375,-0.0006260995582328891
2011-10-31,0.00458,-0.0046382116055186644,-0.0005479732840180553,-0.001545826561191277,-0.0021143098553866773
2011-11-30,0.01106,-0.010154058243694248,0.00033691808805546235,-0.002705537235516426,-0.004187402780401376
2011-12-31,0.005199999999999999,-0.0012767597996110696,0.0035606716786701757,0.002591094523591785,0.0010580864982455433
2012-01-31,0.005420000000000002,-0.005065951975503686,0.0008649481767432465,0.0016223089734068886,-0.0009799040626610226
2012-02-29,0.007819999999999999,-0.006606984591293602,0.0010762360850821288,0.0032930206493856995,-0.0009188288129066309
2012-03-31,-0.0002999999999999999,-0.000475565142397052,-1.6147486373336964e-05,0.0008320307802155635,0.00013085160628787887
2012-04-30,-0.005619999999999999,-0.0009870317332836102,0.0006451663915421257,0.003807680661731246,0.0010710780229842142
2012-05-31,0.00946,-0.008672523865729668,0.0010632187741452617,0.0014911248809272367,-0.002170932240422526
2012-06-30,-0.00206,0.0013475050257614539,-0.0002543100460329349,0.001078929599030246,0.0007744183552714598
2012-07-31,0.0036999999999999997,-0.0017756223673833487,-5.61899574760292e-05,0.0009566034893046036,-0.00026662395333436876
2012-08-31,0.010360000000000003,-0.006204745054471508,9.051327745908996e-05,0.0014563823533871333,-0.0015517409247173223
2012-09-30,0.004100000000000001,-0.0056608693383600455,4.805491806190799e-05,-0.008433569496631847,-0.00467179168439909
2012-10-31,0.0030200000000000005,-0.0018259373263979698,0.0002432209616192235,0.002003715546658436,0.00011793779795458699
2012-11-30,0.01132,-0.004912940049057948,6.340926000026049e-05,0.0027455648605530245,-0.0006650308199899432
2012-12-31,0.013020000000000004,0.007322394896796716,-0.0003929386524341884,0.003249688228528279,0.003492371227964422
2013-01-31,0.0025399999999999997,0.00010481397906181282,7.216441719333383e-05,-0.0006783803341631461,-0.0001575725808289164
2013-02-28,0.012740000000000001,-0.0010875202843939565,-0.00015869506145294805,-0.0017591785639781599,-0.000963919644589826
2013-03-31,0.0011599999999999996,0.0028201303090188328,0.0006083218826498423,-0.0022353111831533465,0.00030905326875180016
2013-04-30,0.009139999999999999,0.0013018337145241556,-0.001130090589181646,0.0030013847611375837,0.001254793417377578
2013-05-31,-0.00010000000000000002,-0.0033999976379663656,-0.0004147364307379417,-0.00042294074070797826,-0.0013321077859286066
2013-06-30,0.014400000000000001,0.007610837703980665,-7.015570766725696e-06,0.0056320010245795565,0.0044300866905547095
2013-07-31,-0.01386,0.003984586296606536,-0.0007553057941584414,0.0007225166754243482,0.0014459542894165248
2013-08-31,0.0067599999999999995,0.0046391085782816295,-0.0007440909858103478,0.0005568705950147921,0.001627844274737186
2013-09-30,0.01506,-0.0026762910802813782,0.0012842269092001959,-9.461884422517896e-05,-0.0006873830595854343
2013-10-31,0.01014,0.0005572350033632217,0.00047557857395747654,-0.0023471273856513187,-0.000500832666174168
2013-11-30,0.003719999999999999,0.005301339116830278,-2.1677265759026262e-05,-0.0009648353186073822,0.0014442285628200743
2013-12-31,-0.02028,0.007820538963231352,-0.0017010380674651372,-0.00015840402852948036,0.0022881801906180976
2014-01-31,0.007339999999999999,0.008342575615000822,0.00011763460769489288,-0.0007632299038604297,0.002563238148411068
2014-02-28,0.016239999999999997,-0.013292821980814957,0.0027144558048794254,-0.006323650405755933,-0.006077951150063666
2014-03-31,0.0025800000000000007,-0.0007179083597155473,0.0022575255638184652,0.002238806666298093,0.0008909574009065519
2014-04-30,-0.00194,0.007313290819209962,-0.000744160895796022,-0.0017872981479910475,0.0017552611935338941
2014-05-31,0.002439999999999999,0.007736513457897406,-0.0014846839438098275,0.0054385616289338535,0.004156307023915909
2014-06-30,-0.00974,-0.0034861177669650413,0.0002952966207609341,-0.002561893100625851,-0.0019298254320927611
2014-07-31,0.00526,0.010415381168145698,-0.0008142328081883604,0.00044155201991807875,0.0035290987910404276
2014-08-31,-0.012960000000000003,-0.0006805215330253214,-0.00028227859126828196,0.0032570440118548935,0.0008205741181864344
2014-09-30,0.008719999999999999,0.007623546668615877,0.00036600424312080296,-0.006845469172600378,0.0003430097140082025
2014-10-31,-0.0023199999999999996,0.0031885473349706796,0.0015003859711265415,0.00036937637991766,0.001450319070382006
2014-11-30,0.00918,0.0002122704626216325,0.0005414482442183336,0.003918598792283809,0.0014912425751947924
2014-12-31,-0.01506,-0.0022538139914488197,-0.00045558672177123757,0.001822198118999789,-0.00020641617855705912
2015-01-31,0.0037199999999999998,0.01746432472066695,-0.0015870304850101526,-0.008252335923949358,0.002828191175494269
2015-02-28,0.0021199999999999995,-0.00044012289735095216,0.00017423518988350485,-0.00033915106495256757,-0.00021660814530334756
2015-03-31,-0.002359999999999999,-0.002964094648826545,6.168124738734801e-05,-0.003036946811756996,-0.001970582880703662
2015-04-30,-0.0030000000000000005,0.009311847153561568,-0.0007285512685962127,-0.0017203339599988678,0.002421480972828663
2015-05-31,-0.0013000000000000004,0.0004747130594333779,-0.001067022153852706,-0.002668916403207971,-0.0009080495300209009
2015-06-30,-0.0186,0.010834614572138357,-0.0013912686321642716,-0.0009533836676990637,0.003069249495218811
2015-07-31,-0.0020599999999999998,-0.015969691023343748,-0.0003258827966752476,0.001962895009281486,-0.004687780121302279
2015-08-31,-0.0082,-0.005919475362326237,-0.0015951927100239607,0.005229046808844476,-0.00048118883643153657
2015-09-30,0.01356,-0.004631749596494159,0.00163697033096034,-0.0007450173667644806,-0.001485470726731069
2015-10-31,-0.0005399999999999999,0.00664601456619132,0.000791750395310959,-0.003192837236276843,0.0013272723280456093
2015-11-30,-0.014419999999999999,0.0029177194050899824,-0.0008827972113568833,-0.002400879486699441,3.7721908096001e-05
2015-12-31,-0.0025399999999999993,-0.010839490145503533,0.0001445723314830276,-0.0006689519528258955,-0.003799421975829072
2016-01-31,0.010879999999999999,-0.008746673623609051,0.0004426539751202486,-0.0029874859932839254,-0.0038103624713358986
2016-02-29,0.01972,-0.00837146697000704,0.0028213969988033294,-0.004464519594192734,-0.0037862832113847575
2016-03-31,0.008560000000000002,-0.005612772148298569,-0.0008922541539701674,0.0018421804545122767,-0.001368423743042624
2016-04-30,-0.0082,0.00770391427310233,-0.0020521863791618114,0.003192228941686788,0.003332274001826438
2016-05-31,0.0045,-0.0035900743441372646,0.0009801770343504427,-0.0003288185585831634,-0.0011144305329346973
2016-06-30,0.01064,-0.00039957179523604085,0.0010487001763156115,-0.0031997659680043033,-0.0010059345769577756
2016-07-31,0.006219999999999999,-0.003159901620024115,-0.0002486089132328996,-0.002830036176708008,-0.002029794418591389
2016-08-31,-0.0025199999999999992,0.0029729518452899953,-0.0008275080128749585,-0.0024139690908672857,7.124126982639941e-05
2016-09-30,-0.0013599999999999977,-0.005142264947202862,0.00471249487039411,0.009443972017473587,0.002238198308623957
2016-10-31,0.04713999999999999,-0.006588172745993588,0.006633330737895492,-0.013019773363933621,-0.00539336354724757
2016-11-30,0.01328,0.007700949541965619,0.003170764944267039,7.80397825125997e-05,0.0031317328393525934
2016-12-31,-0.00766,-0.0018864126184266702,-0.004954325092314382,-0.005184913187113819,-0.0031419739189303673
2017-01-31,-0.0032000000000000006,0.00499664759321182,-0.002300170928583724,-0.002864039933922764,0.000344537752551661
2017-02-28,-0.005460000000000001,-0.0036267148913246144,-0.0030965682203333697,-0.006025906380742287,-0.0037149054102493693
2017-03-31,-0.0007399999999999997,-0.0019481669618130024,-0.0018811856890761426,-0.0021182085084595985,-0.0016551060762856873
2017-04-30,-0.012820000000000002,0.0022921759344808907,-0.00417927179186627,0.0008782878744383151,0.00037398455432166333
2017-05-31,0.0051600000000000005,0.005317968861343102,-0.0001428721822067744,-0.002328067222169159,0.000990021741921913
2017-06-30,-0.00178,0.006289990994485048,0.00014823622150651983,0.0009275809536923434,0.002447631817937492
2017-07-31,-0.01192,0.006296943269964985,-0.002236330085138814,0.0017047735676258406,0.0023346643727866147
2017-08-31,0.02098,-0.0025786018855963643,-0.00022899726927696072,0.0055020810316733105,0.0009640201806676342
2017-09-30,-0.003500000000000001,0.007024890678057151,-0.00020574510740273857,-0.0012931617009930441,0.0018975533387698342
2017-10-31,0.011479999999999999,-0.0004747088528260066,0.00031720742424417095,-0.00449060850745891,-0.001579028979217418
2017-11-30,0.00516,-0.0007055026386814619,0.00037539062598930344,-0.0009458231599688098,-0.0004782720653778978
2017-12-31,-0.001499999999999999,0.018749676523533248,-0.0010076958777321032,0.003192059536841401,0.007161890569878042
2018-01-31,-0.012460000000000002,-0.0015014164282301096,-0.0006045242255843083,-0.0022786148228275357,-0.0013494411414561977
2018-02-28,0.0014400000000000003,-0.007201790441996682,-0.0007316775539026303,0.00033653322930571425,-0.0023997625880368832
2018-03-31,0.0010600000000000002,0.0010011319325281276,0.0005565401756203841,-0.0026273496171908602,-0.000441985055053991
2018-04-30,0.0014600000000000008,0.00903644699992095,0.0012643055319662797,-0.007051392927020973,0.0008868596027240157
2018-05-31,-8.000000000000021e-05,0.0018992057267863236,-0.00010926799787255429,0.0015330421489299613,0.0011443284970688366
2018-06-30,0.007200000000000001,0.0029035521680721016,0.00030045532444252984,-0.003424818969704626,-0.00010216933993478786
2018-07-31,-0.00532,0.016929578290053447,0.00032580027581564,0.003781600893259505,0.006959741950120174
2018-08-31,-0.004080000000000002,0.0012793057090979905,6.269251684895583e-05,0.001885906461549796,0.0010894325996181262
2018-09-30,-0.00802,-0.02011428856939059,8.496062047909717e-05,-0.005930369816265245,-0.008647917908283533
2018-10-31,0.0021000000000000003,-0.001264045047341031,0.0006084756518476767,0.0007878644173410911,-4.8822136259304906e-05
2018-11-30,-0.02814,0.012299765497041058,-0.004698386918269049,-0.00626347629435957,0.001229691052594996
2018-12-31,0.016999999999999998,-0.015733717250498176,0.004519635807001569,-0.0037747670117442705,-0.005725184146393333
2019-01-31,0.0021999999999999997,-0.0023068049704788336,0.004088302161969095,0.01043088089619313,0.003400315892985741
2019-02-28,-0.01316,0.009172484729699854,-0.0011567744490641367,0.0027125182165242626,0.003785422314387559
2019-03-31,0.00876,-0.00430942663188732,0.0008941799433743134,-0.00010436816031610119,-0.0012892033841254767
2019-04-30,-0.0193,0.008353972387887288,-0.004721096545605235,-0.0023459825417711344,0.0012259762810005168
2019-05-31,0.012879999999999999,-0.013490518692813393,0.004884421626929103,0.008186978831976143,-0.0009354641484529365
2019-06-30,0.0002799999999999997,-0.0005206622331355634,0.0003728882477308162,0.0004264149410024354,5.157339875227532e-05
2019-07-31,-0.02132,0.01656258486449339,-0.0013303987910244844,0.004163244754423703,0.006705970436551484
2019-08-31,0.027339999999999996,-0.012705015638320294,0.002005459122647266,0.002166240997851889,-0.003170576867172156
2019-09-30,-0.0004,-0.006103002606162881,0.0003544421086338151,-0.0010719638639219908,-0.002330142510779789
2019-10-31,-0.0010399999999999997,-0.00015570220489785313,-0.0017669756719812808,-0.0006562113215024971,-0.0005394610760820031
2019-11-30,0.013439999999999999,-0.0007281249194635985,0.0018107148027372102,-0.0003032165704931923,-2.6097688535757067e-05
2019-12-31,-0.02812,0.006750875553057818,-0.005650448031128711,-0.0017765507796018386,0.0007340217278388303
2020-01-31,-0.0317,-0.007408728560958008,-0.004360848184530364,0.004302556144994857,-0.001724764509184008
2020-02-29,-0.07156,0.01419513299323089,-0.012481446161664798,-0.0018855335486442693,0.002048637786935005
2020-03-31,0.033100000000000004,-0.02962565092300292,0.010001966750351915,0.022101017933130553,-0.0008287806644868993
2020-04-30,0.0006199999999999984,-0.013493610213026799,0.005457155633425699,-0.0015541011277126788,-0.00406346636847733
2020-05-31,0.00582,-0.0072803211587143144,0.0026950850811413517,-0.00037209616783671,-0.002082607984267777
2020-06-30,0.0051,-0.016042609371123052,0.0026397631829175026,0.005314572373574996,-0.0031125966957424923
2020-07-31,0.012939999999999997,-0.022761536710647085,0.003955729662812988,-0.003392787800614745,-0.008032867032063856
2020-08-31,-0.019360000000000002,0.008706937545733224,-0.0038637493709154083,-8.826255651721572e-05,0.002231832583976018
2020-09-30,0.011000000000000001,0.007190493126783219,-0.0005340416903690258,0.0066948992906006866,0.004585075354650542
2020-10-31,0.04136,-0.011683150435756583,0.007935550174754126,-0.0035927885436648696,-0.0037250836132935957
2020-11-30,0.011699999999999999,0.0013550107226433642,0.0021075122618513234,-0.0060436057184228035,-0.0012098375185535329
2020-12-31,0.022559999999999997,0.01391223418429562,0.005673786374156151,0.006062795242687801,0.007613357964814072
2021-01-31,0.0257,0.006686636525667994,0.004516226637606674,-1.9569385115430182e-05,0.00300670135000635
2021-02-28,0.039080000000000004,0.0006313512118494378,0.00943763520995906,-0.011118516014933234,-0.0018755852037138625
2021-03-31,0.000999999999999998,-0.009745614812828323,-0.0043460926402504995,-0.004057778600136865,-0.005301201516084528
2021-04-30,0.027899999999999998,0.02296858232269148,0.008411364882057808,0.013889728237286314,0.013710393399990606
2021-05-31,-0.017,-0.020814642995521916,-0.008363263613967394,-0.011136781489288459,-0.012025171096547065
2021-06-30,-0.0001799999999999991,0.002876258991316864,0.0025357620122338524,0.004095965729230682,0.0027768489691145128
2021-07-31,0.00016000000000000042,-0.0001440180021922005,-0.0027638555094620628,-0.003599757859177953,-0.001678725840890398
2021-08-31,0.0038400000000000005,-0.001750988828008445,0.003948033658163437,0.0018589277536288109,0.0007188125992836332
2021-09-30,0.007139999999999999,0.004894786031709772,-0.00135832070269586,-0.0076639990038973775,-0.0011405713240327455
2021-10-31,0.01048,0.014408337539584124,0.007731903295329595,0.0025007322822934164,0.006964427598826256
2021-11-30,0.029759999999999998,0.014218927539941223,0.00764602967378839,0.0038912438968079625,0.007316777099066346
2021-12-31,0.0224,0.03278380938646955,0.0014806721273056113,0.015861523483582808,0.016492389223184894
2022-01-31,0.00928,0.007460786540312148,0.003582590423994697,0.008209540532566364,0.005827601740610649
2022-02-28,0.0015600000000000002,-0.0015173264897451147,-0.0005738827384833688,0.0029744926393908554,0.0004175196570177701
2022-03-31,0.011499999999999998,0.03232420011427179,0.018416138468633,0.012667889092838119,0.018093605499064948
2022-04-30,0.027159999999999997,0.028145700559574376,0.01070387909413422,0.013672191088743468,0.015735425910780372
2022-05-31,-0.031779999999999996,-0.006444857401333798,-0.006654817059831233,-0.004912904241945476,-0.004886600575126402
2022-06-30,0.0022400000000000033,-0.04268463086634289,-0.010943315523443468,-0.019332741342984773,-0.02248276474387652
2022-07-31,-0.01112,0.006918461909851595,-0.002172843808552425,-0.0008844745754845682,0.0016493313924307515
2022-08-31,-0.02484,0.014823049319075552,-0.0067062140663231296,0.010603885346869173,0.007377759139006389
2022-09-30,0.05467999999999999,0.005644423049740733,0.02013371141673619,-0.003642636396759681,0.004054494316753099
2022-10-31,0.025740000000000002,0.015600153264817377,0.009427892166343717,-0.0001902030130908901,0.006729861975928257
2022-11-30,-0.0012599999999999972,0.022714493815658075,0.007285566919626713,0.004450358010457978,0.010290866149594657
2022-12-31,0.0003799999999999984,-0.03852623094097044,-0.0019526212134997813,-0.021316967687832537,-0.020225633797286202
2023-01-31,-0.006659999999999999,0.0020206004924538446,-0.001845448356783836,-0.0018688470580783968,-0.00024105095057993451
2023-02-28,-0.02656,-0.003725682832859775,-0.011222513220127453,0.00920744376959853,-3.147383436129907e-05
2023-03-31,0.00642,0.0030097943460254566,0.0024678147624334823,0.000833127840756448,0.0017143836847888303
2023-04-30,-0.033499999999999995,-0.02856384723312732,-0.0005552374750068367,0.011343371486408649,-0.005828384764092758
2023-05-31,0.016780000000000003,-0.0016765562966934461,0.0010619852877179607,0.0024543087133276397,0.00045493059940852323
2023-06-30,0.020399999999999998,0.004887450499928366,0.004264354050609305,0.0014271645362733826,0.0028482198887685222
2023-07-31,-0.012439999999999998,-0.009023867759008772,-0.0006832752618287487,0.008392498227888184,-0.000259316874902413
2023-08-31,-0.008840000000000002,0.0010211523651538598,0.0023151813910379506,0.004556716050105717,0.002261069182259013
2023-09-30,-0.010520000000000002,0.0037030056280537905,-0.001840219150809229,-0.0028811381732718523,4.631693610445383e-05
2023-10-31,0.011080000000000001,-0.010574337628311111,0.0023140068918205588,-0.001479682755266652,-0.0036086558043977738
2023-11-30,0.030680000000000002,-0.018179399242892105,0.004088618768668289,3.85841067542561e-05,-0.005313672898070011
2023-12-31,-0.015340000000000001,-0.014505466213608445,-0.002003771093166659,-0.007883837458220785,-0.007764075265716558
2024-01-31,-0.006820000000000001,-0.007886198383885068,-0.006267480504686415,-0.009494970223898752,-0.006766701880116341
2024-02-29,0.01652,-0.004053926107474348,0.0013686064558127166,0.0015650963849600688,-0.0005838251781152086
2024-03-31,-0.013720000000000005,0.00032627393885493506,-0.0012508614004099398,8.645681584538627e-05,-1.697327871433166e-05
2024-04-30,0.007840000000000003,-0.008388686878770322,0.000830761712646917,-0.003606836285827356,-0.0038272746767599453
2024-05-31,-0.012240000000000001,-0.0027094096818056973,-0.00045764485113064366,-0.002142072688262074,-0.0016634338772247965
2024-06-30,0.031439999999999996,0.0037130393877932077,0.0025474983498905137,0.0010307830334566933,0.002037192268448038
2024-07-31,-0.00292,-0.012205757570227054,0.0009546065528878824,-0.0010141647201779213,-0.004182881196626722
2024-08-31,-0.00408,-0.00466346816102655,-0.0020156494099338165,-0.004397191751496853,-0.0033278868141239856
2024-09-30,-0.0030600000000000002,-0.0001446417680784802,-0.0006430705120547924,0.0005235038939010643,1.910895659839604e-05
2024-10-31,0.01376,0.02026601057644373,-0.0007185951070122568,0.0028855420078142944,0.0076188002046569
2024-11-30,-0.0186,-0.00834959248052566,-0.0006680990511091373,-0.0014006740421777834,-0.0033282727047625783
2024-12-31,-0.004780000000000001,0.008184639039912808,-0.0012379794160493345,-0.0006667347529835507,0.002329382115011512
2025-01-31,0.0034200000000000003,-0.01535496524087599,-0.002752399394271847,0.0004186641872092545,-0.0054037241453326005
2025-02-28,-0.00668,-0.005801818046408092,-0.0012763521527514158,-0.0021012177368889204,-0.002823817561544887
2025-03-31,-0.02326,0.004176215390335343,-0.0025036433774175224,-0.002477258106729174,0.00016258679660150418
2025-04-30,0.012519999999999998,-0.01469705058496223,0.0030286922728205807,0.004285921835924194,-0.002937580216379669
2025-05-31,0.0029400000000000016,-0.0034711738354971378,0.001215929266171961,-0.000751193266728488,-0.0011864666432122206
2025-06-30,-0.00356,-0.0017689467278051596,-0.0013012282521444722,-0.0004871579114556849,-0.0009411722651483621
2025-07-31,0.025079999999999998,-0.008301192738348524,0.0023625918935964493,0.0015470522440723595,-0.0018071795941402076
2025-08-31,-0.00822,0.003505900616466044,-0.0008305582044528549,0.0007487782448854993,0.0013333039395273666
2025-09-30,-0.02344,0.01096787014070195,-0.007372002300425663,0.0023282177925663334,0.00325324774872552
2025-10-31,0.014439999999999998,0.0036624304194003824,0.0019484750052773038,-0.0013415694648065157,0.0011210415363270237
2025-11-30,0.00522,0.0032262522501061387,0.0017858132049195328,-0.0009201048645825635,0.00110711525574178
2025-12-31,0.02332,0.000869520930996996,0.0037775654581552734,-0.0033747230158566338,-0.000159399480267734
2026-01-31,0.017960000000000004,-0.006896839722943826,0.005050104911772791,0.0015589265817391729,-0.0009223424178150871
